{
  "standard": {
    "peak": 1.0626,
    "peak_step": 37,
    "mean": 0.6504059999999999,
    "variance": 0.020575368163999998,
    "std": 0.14344116621109854,
    "final": 0.683,
    "drop_from_start": 0.025999999999999912,
    "best_in_window": 0.3919
  },
  "offset": {
    "peak": 1.3861,
    "peak_step": 39,
    "mean": 0.6480060000000001,
    "variance": 0.026365028564000005,
    "std": 0.1623731152746661,
    "final": 0.6761,
    "drop_from_start": 0.028299999999999992,
    "best_in_window": 0.3999
  },
  "delta": {
    "peak_gap": -0.3235000000000001,
    "variance_gap": -0.005789660400000007,
    "cumulative_gain": 0.1200000000000006
  }
}