{
  "standard": {
    "peak": 1.288,
    "peak_step": 1,
    "mean": 0.7284816666666668,
    "variance": 0.00793502949722222,
    "std": 0.08907878253109558,
    "final": 0.7123,
    "drop_from_start": 0.36329999999999985,
    "best_in_window": 0.6756
  },
  "offset": {
    "peak": 1.1646,
    "peak_step": 0,
    "mean": 0.7289549999999999,
    "variance": 0.005205752475000001,
    "std": 0.07215090072202843,
    "final": 0.7024,
    "drop_from_start": 0.46220000000000006,
    "best_in_window": 0.6793
  },
  "delta": {
    "peak_gap": 0.12339999999999995,
    "variance_gap": 0.0027292770222222184,
    "cumulative_gain": -0.028400000000000203
  }
}