{
  "standard": {
    "peak": 2.578257,
    "peak_step": 19,
    "variance": 0.48516615810675995,
    "std": 0.6965386982119227,
    "drop_from_start": -0.8920069999999998,
    "final_loss": 2.578257
  },
  "offset": {
    "peak": 2.543783,
    "peak_step": 19,
    "variance": 0.47480712767409,
    "std": 0.6890624991059157,
    "drop_from_start": -0.8575329999999999,
    "final_loss": 2.543783
  },
  "delta": {
    "peak_gap": 0.034473999999999894,
    "variance_gap": 0.010359030432669947,
    "drop_gap": 0.034473999999999894
  }
}