{
  "standard": {
    "peak": 3.37222,
    "peak_step": 1,
    "variance": 0.6202446158981274,
    "std": 0.7875561033336783,
    "drop_from_start": 0.2622930000000001,
    "final_loss": 1.423957
  },
  "offset": {
    "peak": 3.418534,
    "peak_step": 1,
    "variance": 0.6304762447747402,
    "std": 0.7940253426527016,
    "drop_from_start": 0.19988099999999998,
    "final_loss": 1.486369
  },
  "delta": {
    "peak_gap": -0.04631400000000019,
    "variance_gap": -0.010231628876612775,
    "drop_gap": -0.062412000000000134
  }
}