{
  "task": "llama_sst2",
  "mode": "offset",
  "lr": 0.0005,
  "seed": 1,
  "model_id": "LLM-Research/Meta-Llama-3-8B-Instruct",
  "model_dir": "/mnt/workspace/.cache/modelscope/hub/models/LLM-Research/Meta-Llama-3-8B-Instruct",
  "rank": 8,
  "alpha": 16,
  "sample_size": 2000,
  "batch_size": 2,
  "grad_accum": 8,
  "max_length": 64,
  "max_steps": 40,
  "optimizer_steps": 40,
  "nan_step": null,
  "losses": [
    1.68625,
    3.418534,
    0.573809,
    0.310882,
    1.118744,
    0.217703,
    0.041754,
    0.03414,
    0.693056,
    1.184756,
    0.031235,
    0.074906,
    0.384404,
    0.991618,
    0.649038,
    1.343026,
    1.082037,
    0.025545,
    0.449122,
    1.486369,
    0.650399,
    0.714642,
    0.187422,
    0.166624,
    0.218608,
    0.671014,
    0.099103,
    0.251305,
    0.304418,
    0.71072,
    3.74115,
    0.3698,
    0.000244,
    0.000274,
    0.524688,
    0.230319,
    0.7212,
    0.001439,
    0.015109,
    0.146767
  ],
  "metrics": {
    "num_points": 40,
    "start_loss": 1.68625,
    "final_loss": 0.146767,
    "peak": 3.74115,
    "peak_step": 30,
    "early_window": 40,
    "early_peak": 3.74115,
    "early_peak_step": 30,
    "early_best": 0.000244,
    "early_best_step": 32,
    "mean": 0.638054325,
    "variance": 0.6492694905964195,
    "std": 0.8057726047691243,
    "early_mean": 0.638054325,
    "early_variance": 0.6492694905964195,
    "early_std": 0.8057726047691243,
    "drop_from_start": 1.539483,
    "first_below_99pct": 2,
    "first_below_95pct": 2,
    "first_below_90pct": 2,
    "rolling_std_window": 8,
    "rolling_std_early": [
      0.0,
      0.8661420000000001,
      1.1705076372982604,
      1.2234444679014604,
      1.1047127070152494,
      1.1037697047536683,
      1.1020617077548567,
      1.0845073660244315,
      1.0464638605917969,
      0.4232469952486373,
      0.4519838413275274,
      0.4677873429494298,
      0.38776281619849456,
      0.44001308060725236,
      0.41842901402759985,
      0.4563526056958143,
      0.47659802351877206,
      0.4886158117139266,
      0.4486368157850512,
      0.47442489938989224,
      0.45286671303755316,
      0.4501217053424968,
      0.4932954303816705,
      0.4669464127531124,
      0.44102934486605805,
      0.4068869662956163,
      0.4351568370800169,
      0.2431822328157104,
      0.21901454133515885,
      0.21814815546249183,
      1.1426423985970797,
      1.1311410806337057,
      1.147258915275095,
      1.1754793728169746,
      1.1572659625845994,
      1.1583890558724148,
      1.1471611562686972,
      1.1766826746097214,
      0.2625776506347396,
      0.25836708826977167
    ],
    "max_rolling_std_early": 1.2234444679014604
  }
}