{
  "task": "llama_sst2",
  "mode": "standard",
  "lr": 0.0001,
  "seed": 1,
  "model_id": "LLM-Research/Meta-Llama-3-8B-Instruct",
  "model_dir": "/mnt/workspace/.cache/modelscope/hub/models/LLM-Research/Meta-Llama-3-8B-Instruct",
  "rank": 8,
  "alpha": 16,
  "sample_size": 2000,
  "batch_size": 2,
  "grad_accum": 8,
  "max_length": 64,
  "max_steps": 40,
  "optimizer_steps": 40,
  "nan_step": null,
  "losses": [
    1.68625,
    0.532984,
    0.582273,
    0.357656,
    0.925481,
    0.556219,
    0.307505,
    0.038894,
    1.187721,
    1.267395,
    0.131818,
    0.112877,
    0.590376,
    0.416647,
    1.824499,
    1.955273,
    1.186854,
    0.114915,
    0.48679,
    2.578257,
    1.063556,
    0.486821,
    0.061293,
    0.216389,
    0.481979,
    0.691612,
    1.248404,
    2.074582,
    0.517594,
    0.253746,
    2.317335,
    0.877626,
    0.351163,
    0.777387,
    1.385215,
    0.781587,
    0.225229,
    0.34998,
    0.640008,
    0.133871
  ],
  "metrics": {
    "num_points": 40,
    "start_loss": 1.68625,
    "final_loss": 0.133871,
    "peak": 2.578257,
    "peak_step": 19,
    "early_window": 40,
    "early_peak": 2.578257,
    "early_peak_step": 19,
    "early_best": 0.038894,
    "early_best_step": 7,
    "mean": 0.794401525,
    "variance": 0.4240803711509494,
    "std": 0.6512145354266513,
    "early_mean": 0.794401525,
    "early_variance": 0.4240803711509494,
    "early_std": 0.6512145354266513,
    "drop_from_start": 1.552379,
    "first_below_99pct": 1,
    "first_below_95pct": 1,
    "first_below_90pct": 1,
    "rolling_std_window": 8,
    "rolling_std_early": [
      0.0,
      0.576633,
      0.532417660697773,
      0.5242597048407283,
      0.4720428852625151,
      0.44173215127398063,
      0.44027187069994905,
      0.4673515287130636,
      0.3363571411803002,
      0.4086171023589811,
      0.443975189139111,
      0.4672136912978766,
      0.44772092405787156,
      0.4488473926805294,
      0.614522959945342,
      0.6814467547733921,
      0.6814067533505479,
      0.7169555016852401,
      0.6850188872044766,
      0.8296576774331292,
      0.8045533396126445,
      0.7962682821287272,
      0.8391312799917598,
      0.7848462497389118,
      0.7730699724282725,
      0.7427255632344018,
      0.7505873378151001,
      0.6115179323525599,
      0.6076984298551688,
      0.6236682828081442,
      0.7676253914844202,
      0.7152845072956546,
      0.7296144500715344,
      0.7250095716531847,
      0.7310237898191139,
      0.6263439328789211,
      0.6558731741752745,
      0.6452351988338729,
      0.3502349040572404,
      0.3810737721357244
    ],
    "max_rolling_std_early": 0.8391312799917598
  }
}