{
  "task": "llama_sst2",
  "mode": "standard",
  "lr": 0.0005,
  "seed": 1,
  "model_id": "LLM-Research/Meta-Llama-3-8B-Instruct",
  "model_dir": "/mnt/workspace/.cache/modelscope/hub/models/LLM-Research/Meta-Llama-3-8B-Instruct",
  "rank": 8,
  "alpha": 16,
  "sample_size": 2000,
  "batch_size": 2,
  "grad_accum": 8,
  "max_length": 64,
  "max_steps": 40,
  "optimizer_steps": 40,
  "nan_step": null,
  "losses": [
    1.68625,
    3.37222,
    0.561483,
    0.286754,
    1.149415,
    0.186337,
    0.035671,
    0.035098,
    0.605893,
    1.188842,
    0.02888,
    0.073599,
    0.459067,
    1.194822,
    0.715759,
    1.184983,
    1.061359,
    0.023672,
    0.326776,
    1.423957,
    0.562986,
    0.592527,
    0.148743,
    0.11626,
    0.059967,
    0.561834,
    0.11944,
    0.144941,
    0.284975,
    0.48789,
    2.621068,
    0.44097,
    0.000237,
    6.3e-05,
    0.38771,
    0.27518,
    0.616703,
    0.000934,
    0.017232,
    0.125688
  ],
  "metrics": {
    "num_points": 40,
    "start_loss": 1.68625,
    "final_loss": 0.125688,
    "peak": 3.37222,
    "peak_step": 1,
    "early_window": 40,
    "early_peak": 3.37222,
    "early_peak_step": 1,
    "early_best": 6.3e-05,
    "early_best_step": 33,
    "mean": 0.579154625,
    "variance": 0.5055441236638843,
    "std": 0.7110162611810538,
    "early_mean": 0.579154625,
    "early_variance": 0.5055441236638843,
    "early_std": 0.7110162611810538,
    "drop_from_start": 1.560562,
    "first_below_99pct": 2,
    "first_below_95pct": 2,
    "first_below_90pct": 2,
    "rolling_std_window": 8,
    "rolling_std_early": [
      0.0,
      0.842985,
      1.1550775889455316,
      1.2135177080231205,
      1.0932685958311616,
      1.0974570656283476,
      1.0956169590811027,
      1.077367476992298,
      1.0391559416458434,
      0.43106322900849986,
      0.4576884502523933,
      0.4717984191467362,
      0.3842113386610738,
      0.47273199457832343,
      0.45072579708621074,
      0.450862165211536,
      0.46621835914741644,
      0.48439966430416154,
      0.4498380008144425,
      0.4625572436236777,
      0.45421822885804297,
      0.43395427952433463,
      0.4758378053499263,
      0.4610682978507631,
      0.43560128840833334,
      0.4121541562982684,
      0.42686168345898357,
      0.2216705560622283,
      0.19622079009781143,
      0.17559524188723763,
      0.801660339552924,
      0.7867771483099484,
      0.7920386596113755,
      0.8153334938719862,
      0.8039168047210716,
      0.7969188683067019,
      0.7900125014015502,
      0.814958515025372,
      0.22997020162182832,
      0.21479032635627326
    ],
    "max_rolling_std_early": 1.2135177080231205
  }
}