{
  "task": "llama_sst2",
  "mode": "offset",
  "lr": 0.0001,
  "seed": 1,
  "model_id": "LLM-Research/Meta-Llama-3-8B-Instruct",
  "model_dir": "/mnt/workspace/.cache/modelscope/hub/models/LLM-Research/Meta-Llama-3-8B-Instruct",
  "rank": 8,
  "alpha": 16,
  "sample_size": 2000,
  "batch_size": 2,
  "grad_accum": 8,
  "max_length": 64,
  "max_steps": 40,
  "optimizer_steps": 40,
  "nan_step": null,
  "losses": [
    1.68625,
    0.535383,
    0.581329,
    0.360199,
    0.921541,
    0.55591,
    0.303482,
    0.038773,
    1.182914,
    1.227813,
    0.134667,
    0.11014,
    0.590118,
    0.42691,
    1.79759,
    1.957342,
    1.178373,
    0.11462,
    0.475341,
    2.543783,
    1.044354,
    0.526283,
    0.061125,
    0.216508,
    0.49621,
    0.699169,
    1.237129,
    2.071409,
    0.519577,
    0.258578,
    2.287494,
    0.851605,
    0.336265,
    0.700242,
    1.426324,
    0.697998,
    0.231394,
    0.357338,
    0.628725,
    0.159752
  ],
  "metrics": {
    "num_points": 40,
    "start_loss": 1.68625,
    "final_loss": 0.159752,
    "peak": 2.543783,
    "peak_step": 19,
    "early_window": 40,
    "early_peak": 2.543783,
    "early_peak_step": 19,
    "early_best": 0.038773,
    "early_best_step": 7,
    "mean": 0.788248925,
    "variance": 0.4155261006272194,
    "std": 0.6446131402843254,
    "early_mean": 0.788248925,
    "early_variance": 0.4155261006272194,
    "early_std": 0.6446131402843254,
    "drop_from_start": 1.5264980000000001,
    "first_below_99pct": 1,
    "first_below_95pct": 1,
    "first_below_90pct": 1,
    "rolling_std_window": 8,
    "rolling_std_early": [
      0.0,
      0.5754334999999999,
      0.5320250936903468,
      0.5235369774549716,
      0.47117734961502555,
      0.44098775469040963,
      0.44015037328668505,
      0.46717484885263716,
      0.3348900713416783,
      0.4004260012241455,
      0.4352457491986388,
      0.4590047787452763,
      0.4389694964551744,
      0.43964871542443906,
      0.6027923604519506,
      0.6739924739877943,
      0.6737797971749445,
      0.7113667918087335,
      0.6804644942935579,
      0.8197891296124475,
      0.7954165391976139,
      0.7840618873886407,
      0.8289596696717123,
      0.772410734589431,
      0.76018393372032,
      0.7293363137927072,
      0.7359359445754157,
      0.6052645243306718,
      0.603012508553668,
      0.6204766234926659,
      0.7578541973898657,
      0.7059083379989816,
      0.723432416323175,
      0.7233706724520523,
      0.7326972661095696,
      0.6282206735576555,
      0.655785527049431,
      0.6454071680788028,
      0.35493031303938294,
      0.3796116790875743
    ],
    "max_rolling_std_early": 0.8289596696717123
  }
}