{
  "task": "roberta_sst2",
  "mode": "offset",
  "lr": 0.001,
  "seed": 1,
  "model_id": "AI-ModelScope/roberta-large",
  "model_dir": "/mnt/workspace/.cache/modelscope/hub/models/AI-ModelScope/roberta-large",
  "rank": 8,
  "alpha": 16,
  "batch_size": 32,
  "max_len": 128,
  "max_steps": 80,
  "losses": [
    0.707835,
    0.750226,
    0.595111,
    0.955929,
    0.935675,
    0.698378,
    0.673867,
    0.752488,
    0.931016,
    0.772093,
    0.604255,
    0.884261,
    1.00418,
    0.871191,
    0.768218,
    0.631775,
    0.770465,
    0.718767,
    0.682276,
    0.727684,
    0.650185,
    0.695993,
    0.687746,
    0.676434,
    0.724323,
    0.627729,
    0.655771,
    0.636037,
    0.619816,
    0.660612,
    0.649699,
    0.635597,
    0.634286,
    0.641258,
    0.649091,
    0.677562,
    0.641163,
    0.621411,
    0.519478,
    0.598773,
    0.632955,
    0.536973,
    0.437725,
    0.530006,
    0.552064,
    0.389148,
    0.394809,
    0.746887,
    0.610579,
    0.472031,
    0.312183,
    0.336466,
    0.289203,
    0.35284,
    0.219013,
    0.239679,
    0.256653,
    0.299253,
    0.521407,
    0.742536,
    0.366409,
    0.373241,
    0.465256,
    0.265411,
    0.521696,
    0.383928,
    0.593766,
    0.378041,
    0.274475,
    0.326163,
    0.381804,
    0.320596,
    0.324745,
    0.329856,
    0.358189,
    0.216851,
    0.205806,
    0.643675,
    0.331471,
    0.421791
  ],
  "metrics": {
    "num_points": 80,
    "start_loss": 0.707835,
    "final_loss": 0.421791,
    "peak": 1.00418,
    "peak_step": 12,
    "early_window": 40,
    "early_peak": 1.00418,
    "early_peak_step": 12,
    "early_best": 0.519478,
    "early_best_step": 38,
    "mean": 0.558677925,
    "variance": 0.03805630964016938,
    "std": 0.19508026460964567,
    "early_mean": 0.70846635,
    "early_variance": 0.011687152861577501,
    "early_std": 0.10810713603447972,
    "drop_from_start": 0.28604399999999996,
    "first_below_99pct": 2,
    "first_below_95pct": 2,
    "first_below_90pct": 2,
    "rolling_std_window": 8,
    "rolling_std_early": [
      0.0,
      0.021195499999999978,
      0.06545936846794524,
      0.1305321671205512,
      0.13788615684890201,
      0.1303200028685799,
      0.1256240855453366,
      0.11753393997579754,
      0.12815919276601856,
      0.12758646349038905,
      0.12587092552386503,
      0.11593365303961302,
      0.12881875105526175,
      0.1260928564664128,
      0.11671606867709991,
      0.13175092519403567,
      0.12351127684825991,
      0.12562717864877013,
      0.11396519034329904,
      0.10970067965491374,
      0.07194911835880531,
      0.04736397859644367,
      0.04114969885350772,
      0.03462254933475436,
      0.02514977134090886,
      0.03174543241849921,
      0.03311102806255607,
      0.030647560640081957,
      0.034425282327954485,
      0.03243658712395619,
      0.03092920602334266,
      0.03055306727237056,
      0.0131972383752956,
      0.01236423702660216,
      0.01158218361320523,
      0.0165319203167501,
      0.013544785112728806,
      0.0153098821185656,
      0.04353988387602222,
      0.04437698224797964
    ],
    "max_rolling_std_early": 0.13788615684890201
  }
}