{
  "task": "roberta_mrpc",
  "mode": "offset",
  "lr": 0.001,
  "seed": 1,
  "model_id": "AI-ModelScope/roberta-base",
  "model_dir": "/mnt/workspace/.cache/modelscope/hub/models/AI-ModelScope/roberta-base",
  "rank": 8,
  "alpha": 16,
  "batch_size": 16,
  "max_len": 128,
  "max_steps": 0,
  "nan_step": null,
  "losses": [
    0.689434,
    0.658446,
    0.652831,
    0.703666,
    0.929889,
    0.860733,
    1.252347,
    0.624291,
    0.656819,
    0.738942,
    0.678583,
    0.74651,
    0.74342,
    0.649172,
    0.563925,
    0.481194,
    0.67469,
    1.136623,
    0.635023,
    0.540555,
    0.447585,
    0.771049,
    0.56519,
    0.657718,
    0.952813,
    0.494746,
    0.600942,
    0.518432,
    0.680768,
    0.543151,
    0.565468,
    0.583931,
    0.526327,
    0.643131,
    0.821077,
    0.803788,
    0.508869,
    0.575162,
    0.428348,
    0.543197,
    0.546185,
    0.424274,
    0.385172,
    0.734714,
    0.628413,
    0.483417,
    0.923837,
    0.811969,
    0.807842,
    0.572808,
    0.61395,
    0.663,
    0.624404,
    0.638548,
    0.753111,
    0.561598,
    0.719079,
    0.604755,
    0.655887,
    0.613073,
    0.638449,
    0.59893,
    0.644496,
    0.688567,
    0.732875,
    0.456869,
    0.537756,
    0.487034,
    0.800507,
    0.827495,
    0.729246,
    0.490506,
    0.491613,
    0.54612,
    0.562115,
    0.590772,
    0.621983,
    0.594639,
    0.713845,
    0.595,
    0.521785,
    0.634714,
    0.582027,
    0.477801,
    0.669834,
    0.499698,
    0.777662,
    0.386943,
    0.636806,
    0.339434,
    0.71957,
    0.4839,
    0.432372,
    0.721565,
    0.544052,
    0.4921,
    0.488431,
    0.532032,
    0.759058,
    0.645442,
    0.484583,
    0.50695,
    0.634343,
    0.590417,
    0.542813,
    0.54687,
    0.616801,
    0.477203,
    0.491099,
    0.396986,
    0.781401,
    0.653713,
    0.453193,
    0.607159,
    0.329654,
    0.645244,
    0.577963,
    0.435353,
    0.561881,
    0.542362,
    0.382287,
    0.608807,
    0.543092,
    0.535192,
    0.377604,
    0.453644,
    0.565394,
    0.441443,
    0.564171,
    0.215995,
    0.493003,
    0.649067,
    0.46089,
    0.43918,
    0.676405,
    0.382772,
    0.46952,
    0.372882,
    0.393851,
    0.642874,
    0.331826,
    0.451855,
    0.437621,
    0.776973,
    0.622523,
    0.371096,
    0.546271,
    0.576925,
    0.696797,
    0.558083,
    0.497619,
    0.392311,
    0.678497,
    0.604916,
    0.496523,
    0.512775,
    0.664004,
    0.502766,
    0.596811,
    0.462086,
    0.66544,
    0.426659,
    0.548939,
    0.302654,
    0.367513,
    0.459717,
    0.529742,
    0.553962,
    0.356105,
    0.399585,
    0.724026,
    0.495692,
    0.303051,
    0.376661,
    0.459508,
    0.474868,
    0.306077,
    0.282075,
    0.557214,
    0.41307,
    0.413628,
    0.506467,
    0.492489,
    0.580658,
    0.347104,
    0.399054,
    0.409299,
    0.46916,
    0.839835,
    0.490482,
    0.866037,
    0.306239,
    0.382784,
    0.509942,
    0.411321,
    0.340708,
    0.573142,
    0.397262,
    0.530312,
    0.409802,
    0.387998,
    0.642737,
    0.437891,
    0.486997,
    0.658268,
    0.250787,
    0.339124,
    0.392983,
    0.96125,
    0.926653,
    0.56567,
    0.318072,
    0.580461,
    0.556688,
    0.79091,
    0.624244,
    0.417724,
    0.428677,
    0.546108,
    0.500946,
    0.447352,
    0.408546,
    0.481155,
    0.436641,
    0.728638,
    0.403546,
    0.408788,
    0.384055,
    0.243087,
    0.473131
  ],
  "metrics": {
    "num_points": 230,
    "start_loss": 0.689434,
    "final_loss": 0.473131,
    "peak": 1.252347,
    "peak_step": 6,
    "early_window": 40,
    "early_peak": 1.252347,
    "early_peak_step": 6,
    "early_best": 0.428348,
    "early_best_step": 38,
    "mean": 0.5588635347826088,
    "variance": 0.024026701619814007,
    "std": 0.15500548899898353,
    "early_mean": 0.671219625,
    "early_variance": 0.029041258680984373,
    "early_std": 0.17041496026166358,
    "drop_from_start": 0.21630299999999997,
    "first_below_99pct": 1,
    "first_below_95pct": 2,
    "first_below_90pct": 14,
    "rolling_std_window": 8,
    "rolling_std_early": [
      0.0,
      0.015494000000000008,
      0.016095423704339744,
      0.021158862544747054,
      0.1032668484643547,
      0.10665888825714431,
      0.20187593018121458,
      0.19973478747387594,
      0.2021953291168901,
      0.1972217419243819,
      0.19495068115343303,
      0.19265018400896353,
      0.1880838202902748,
      0.19081011448099394,
      0.06103558503395785,
      0.088241123460008,
      0.08842616194882598,
      0.1816854064213314,
      0.18316999202307777,
      0.18971711003738564,
      0.20182191417090803,
      0.20640449390335472,
      0.20633411469927693,
      0.19556595773449265,
      0.21549428625255937,
      0.15353747940603746,
      0.15389699453835184,
      0.15564708137316413,
      0.14060194419952912,
      0.1372936444823649,
      0.13727810070505603,
      0.1373666630809105,
      0.05491468660553728,
      0.05335358783097441,
      0.09563993046831629,
      0.10724011916190401,
      0.11504920490245682,
      0.11268380070293765,
      0.1300529688467717,
      0.1318114749869463
    ],
    "max_rolling_std_early": 0.21549428625255937
  }
}