{
  "task": "roberta_mrpc",
  "mode": "offset",
  "lr": 0.0005,
  "seed": 1,
  "model_id": "AI-ModelScope/roberta-base",
  "model_dir": "/mnt/workspace/.cache/modelscope/hub/models/AI-ModelScope/roberta-base",
  "rank": 8,
  "alpha": 16,
  "batch_size": 16,
  "max_len": 128,
  "max_steps": 0,
  "nan_step": null,
  "losses": [
    0.689434,
    0.648933,
    0.652211,
    0.640399,
    0.756199,
    0.781202,
    1.168473,
    0.598661,
    0.683675,
    0.557191,
    0.758619,
    0.613772,
    0.635544,
    0.622744,
    0.604424,
    0.537101,
    0.648857,
    0.871881,
    0.614648,
    0.550191,
    0.489092,
    0.703068,
    0.555263,
    0.633208,
    0.878547,
    0.489166,
    0.643399,
    0.509731,
    0.705643,
    0.546104,
    0.470914,
    0.506675,
    0.483577,
    0.648988,
    0.8873,
    0.832512,
    0.522158,
    0.553587,
    0.470938,
    0.554793,
    0.569469,
    0.486981,
    0.444755,
    0.693797,
    0.602713,
    0.517385,
    0.899013,
    0.766417,
    0.826625,
    0.622196,
    0.469539,
    0.683946,
    0.591911,
    0.629386,
    0.751602,
    0.546463,
    0.709274,
    0.614033,
    0.642252,
    0.590652,
    0.620476,
    0.618712,
    0.65781,
    0.66683,
    0.723472,
    0.40709,
    0.506695,
    0.449302,
    0.880745,
    0.899553,
    0.691905,
    0.520797,
    0.512294,
    0.574642,
    0.562392,
    0.589647,
    0.5927,
    0.619823,
    0.676086,
    0.56268,
    0.519364,
    0.661322,
    0.570899,
    0.477705,
    0.67689,
    0.494632,
    0.797355,
    0.386711,
    0.58489,
    0.266923,
    0.782075,
    0.525559,
    0.431935,
    0.749172,
    0.546929,
    0.45629,
    0.502783,
    0.518307,
    0.598558,
    0.59854,
    0.439,
    0.462827,
    0.589563,
    0.419536,
    0.395691,
    0.566143,
    0.734519,
    0.48147,
    0.432725,
    0.510195,
    0.773722,
    0.62165,
    0.356446,
    0.64387,
    0.336513,
    0.565203,
    0.59664,
    0.46115,
    0.535437,
    0.59065,
    0.440089,
    0.562732,
    0.4938,
    0.431226,
    0.415042,
    0.560311,
    0.428253,
    0.42962,
    0.603724,
    0.334269,
    0.410188,
    0.462675,
    0.326452,
    0.342968,
    1.166438,
    0.302993,
    0.435025,
    0.339501,
    0.435093,
    0.484826,
    0.576214,
    0.55148,
    0.492401,
    0.566669,
    0.681007,
    0.402933,
    0.677215,
    0.363619,
    0.382646,
    0.534934,
    0.354077,
    0.383904,
    0.655162,
    0.465803,
    0.567831,
    0.416006,
    0.698925,
    0.4509,
    0.512088,
    0.499186,
    0.747245,
    0.437244,
    0.539972,
    0.303186,
    0.336509,
    0.507647,
    0.433883,
    0.502605,
    0.348683,
    0.534825,
    0.644443,
    0.307378,
    0.343602,
    0.398938,
    0.448801,
    0.502855,
    0.421803,
    0.467418,
    0.451782,
    0.277239,
    0.418812,
    0.497458,
    0.454592,
    0.199423,
    0.149389,
    0.388406,
    0.564007,
    0.63674,
    0.555804,
    0.481652,
    0.802449,
    0.35772,
    0.413471,
    0.543817,
    0.385767,
    0.358433,
    0.538038,
    0.287828,
    0.482709,
    0.439556,
    0.503891,
    0.780911,
    0.488863,
    0.398965,
    0.33186,
    0.339812,
    0.322709,
    0.283044,
    0.384086,
    0.489208,
    0.670357,
    0.212747,
    0.495013,
    0.608095,
    0.654281,
    0.358702,
    0.35225,
    0.600968,
    0.373758,
    0.464834,
    0.264276,
    0.228419,
    0.507055,
    0.34586,
    0.45575,
    0.41841,
    0.398437,
    0.387506,
    0.29536,
    0.394245
  ],
  "metrics": {
    "num_points": 230,
    "start_loss": 0.689434,
    "final_loss": 0.394245,
    "peak": 1.168473,
    "peak_step": 6,
    "early_window": 40,
    "early_peak": 1.168473,
    "early_peak_step": 6,
    "early_best": 0.470914,
    "early_best_step": 30,
    "mean": 0.5336117260869565,
    "variance": 0.024140551783320623,
    "std": 0.15537230056648008,
    "early_mean": 0.64297055,
    "early_variance": 0.019626793080047503,
    "early_std": 0.14009565689216602,
    "drop_from_start": 0.295189,
    "first_below_99pct": 1,
    "first_below_95pct": 1,
    "first_below_90pct": 7,
    "rolling_std_window": 8,
    "rolling_std_early": [
      0.0,
      0.020250500000000005,
      0.01836853594238438,
      0.018797293254282636,
      0.04282060992746364,
      0.05498633237956095,
      0.17341605854518477,
      0.1710164998815904,
      0.17124796304075965,
      0.17989735488879313,
      0.1775915128806396,
      0.17972097780239793,
      0.18274277757440754,
      0.1841212145717038,
      0.057617376727316406,
      0.06544600788770466,
      0.06260398508282042,
      0.09813159804791473,
      0.09168181600777973,
      0.09655139494816997,
      0.10804081635630813,
      0.11174287448172031,
      0.11416340902291931,
      0.10964215379360259,
      0.13669840158881705,
      0.12093106286996477,
      0.12131911763171334,
      0.12482248308272632,
      0.1184006499427236,
      0.11928504951893332,
      0.12796492189463485,
      0.1318295675805863,
      0.07951301003835395,
      0.08312126799958827,
      0.13503289976057686,
      0.15086208756131997,
      0.15235159726763617,
      0.15196492269224296,
      0.15196211367511764,
      0.14853982304498137
    ],
    "max_rolling_std_early": 0.1841212145717038
  }
}