{
  "task": "roberta_mrpc",
  "mode": "standard",
  "lr": 0.001,
  "seed": 1,
  "model_id": "AI-ModelScope/roberta-base",
  "model_dir": "/mnt/workspace/.cache/modelscope/hub/models/AI-ModelScope/roberta-base",
  "rank": 8,
  "alpha": 16,
  "batch_size": 16,
  "max_len": 128,
  "max_steps": 0,
  "nan_step": null,
  "losses": [
    0.682478,
    0.468144,
    1.015881,
    0.884525,
    0.643164,
    0.759174,
    0.736957,
    0.75891,
    0.725197,
    1.025125,
    0.642485,
    0.709522,
    0.660996,
    0.625731,
    0.545417,
    0.47912,
    0.776006,
    1.263959,
    0.754406,
    0.655243,
    0.457686,
    0.749819,
    0.544139,
    0.652113,
    0.797747,
    0.563242,
    0.656708,
    0.61719,
    0.644388,
    0.616692,
    0.557512,
    0.544329,
    0.515792,
    0.735758,
    0.912353,
    0.765543,
    0.568649,
    0.540075,
    0.435714,
    0.545439,
    0.541159,
    0.462404,
    0.436998,
    0.735534,
    0.636961,
    0.523792,
    0.745396,
    0.791326,
    0.703047,
    0.62147,
    0.627546,
    0.625029,
    0.596188,
    0.640155,
    0.740488,
    0.56672,
    0.801018,
    0.619736,
    0.631539,
    0.616225,
    0.61376,
    0.639211,
    0.65474,
    0.620175,
    0.699862,
    0.41251,
    0.470372,
    0.493439,
    0.939547,
    0.907306,
    0.62874,
    0.548073,
    0.677143,
    0.628173,
    0.576576,
    0.61839,
    0.637792,
    0.609042,
    0.72416,
    0.538193,
    0.58225,
    0.625214,
    0.586721,
    0.502816,
    0.646712,
    0.481672,
    0.771237,
    0.430755,
    0.561471,
    0.305557,
    0.805066,
    0.570037,
    0.496719,
    0.773287,
    0.594756,
    0.435454,
    0.473594,
    0.44314,
    0.779186,
    0.63135,
    0.492295,
    0.570185,
    0.603425,
    0.488362,
    0.449949,
    0.501584,
    0.663102,
    0.42612,
    0.439152,
    0.51712,
    0.733025,
    0.479348,
    0.362174,
    0.687605,
    0.530722,
    0.524944,
    0.609052,
    0.461515,
    0.316503,
    1.033247,
    0.296247,
    0.553896,
    0.475594,
    0.719853,
    0.422582,
    0.570001,
    0.413852,
    0.353913,
    0.547715,
    0.307167,
    0.464446,
    0.595888,
    0.364069,
    0.39017,
    0.838919,
    0.277275,
    0.541626,
    0.666995,
    0.514585,
    0.472003,
    0.261186,
    0.299071,
    0.686671,
    0.618506,
    0.774104,
    0.438652,
    0.515213,
    0.542833,
    0.545925,
    0.621692,
    0.570663,
    0.445123,
    0.660346,
    0.583872,
    0.566897,
    0.371274,
    0.682254,
    0.549785,
    0.667486,
    0.430659,
    0.596412,
    0.469694,
    0.483008,
    0.271513,
    0.405629,
    0.535843,
    0.642,
    0.63162,
    0.346755,
    0.358791,
    0.607341,
    0.455329,
    0.383076,
    0.406453,
    0.610705,
    0.617428,
    0.253256,
    0.306667,
    0.460706,
    0.250864,
    0.578364,
    0.500447,
    0.366689,
    0.396663,
    0.238322,
    0.252244,
    0.551048,
    0.689836,
    0.646415,
    0.644502,
    0.518714,
    0.393418,
    0.515625,
    0.515429,
    0.359083,
    0.362166,
    0.694029,
    0.333188,
    0.554898,
    0.452133,
    0.565055,
    0.662124,
    0.535525,
    0.435821,
    0.429156,
    0.320419,
    0.331827,
    0.35668,
    0.390299,
    0.551332,
    0.710381,
    0.293003,
    0.437529,
    0.69891,
    0.844299,
    0.522267,
    0.389432,
    0.550127,
    0.470405,
    0.507243,
    0.354757,
    0.415768,
    0.498905,
    0.427929,
    0.535027,
    0.507991,
    0.579267,
    0.314138,
    0.437984,
    0.335274
  ],
  "metrics": {
    "num_points": 230,
    "start_loss": 0.682478,
    "final_loss": 0.335274,
    "peak": 1.263959,
    "peak_step": 17,
    "early_window": 40,
    "early_peak": 1.263959,
    "early_peak_step": 17,
    "early_best": 0.435714,
    "early_best_step": 38,
    "mean": 0.5591472652173913,
    "variance": 0.025154758288386182,
    "std": 0.15860251665212058,
    "early_mean": 0.6808332,
    "early_variance": 0.027588170936360002,
    "early_std": 0.16609687214502267,
    "drop_from_start": 0.347204,
    "first_below_99pct": 1,
    "first_below_95pct": 1,
    "first_below_90pct": 1,
    "rolling_std_window": 8,
    "rolling_std_early": [
      0.0,
      0.10716700000000001,
      0.22536697114163726,
      0.20744923644713664,
      0.1916156211425363,
      0.17508442972146007,
      0.16210717643029898,
      0.15174697158875816,
      0.15024445920066404,
      0.13189972873828962,
      0.11930075000229202,
      0.11250247976128129,
      0.11052155708248733,
      0.11803895701095625,
      0.13372230480686226,
      0.1521173176379316,
      0.15504214904159935,
      0.2251705395722318,
      0.2238336030603635,
      0.2250765774984983,
      0.24121583838960495,
      0.2402702359989685,
      0.2403801475838583,
      0.22598370602044382,
      0.22663032355964638,
      0.1108838355565606,
      0.10349376950261004,
      0.1033094099912975,
      0.08031474091620727,
      0.07191788758705565,
      0.06987750304103603,
      0.07601704341955164,
      0.04772545086727179,
      0.06634171761123897,
      0.12028160619224994,
      0.12616475005071492,
      0.1298839580346626,
      0.13486917247923771,
      0.14966672558466151,
      0.14959025884807597
    ],
    "max_rolling_std_early": 0.24121583838960495
  }
}