{
  "task": "roberta_mrpc",
  "mode": "standard",
  "lr": 0.0005,
  "seed": 1,
  "model_id": "AI-ModelScope/roberta-base",
  "model_dir": "/mnt/workspace/.cache/modelscope/hub/models/AI-ModelScope/roberta-base",
  "rank": 8,
  "alpha": 16,
  "batch_size": 16,
  "max_len": 128,
  "max_steps": 0,
  "nan_step": null,
  "losses": [
    0.682478,
    0.545387,
    0.733189,
    0.750005,
    0.621228,
    0.853785,
    0.745604,
    0.643033,
    0.715095,
    0.731004,
    0.656162,
    0.65292,
    0.654566,
    0.62171,
    0.58969,
    0.542413,
    0.663063,
    0.954874,
    0.678941,
    0.596966,
    0.472231,
    0.746073,
    0.554655,
    0.677649,
    0.847852,
    0.517727,
    0.684311,
    0.575576,
    0.636744,
    0.571043,
    0.509722,
    0.521903,
    0.516224,
    0.756131,
    0.934211,
    0.753375,
    0.554696,
    0.567558,
    0.47149,
    0.5281,
    0.558663,
    0.480676,
    0.446529,
    0.735903,
    0.641478,
    0.5126,
    0.726053,
    0.779452,
    0.741626,
    0.584153,
    0.70808,
    0.637544,
    0.577007,
    0.648349,
    0.717277,
    0.591592,
    0.792399,
    0.636356,
    0.637669,
    0.603503,
    0.607096,
    0.700484,
    0.655546,
    0.622833,
    0.675241,
    0.452779,
    0.512089,
    0.48764,
    0.736358,
    0.885268,
    0.648866,
    0.476529,
    0.532236,
    0.555552,
    0.55333,
    0.587528,
    0.625912,
    0.553237,
    0.723346,
    0.496641,
    0.550198,
    0.592396,
    0.554649,
    0.444969,
    0.56094,
    0.446492,
    0.8591,
    0.343603,
    0.5781,
    0.330012,
    0.779456,
    0.422155,
    0.425313,
    0.615138,
    0.459481,
    0.46974,
    0.618217,
    0.500072,
    0.874769,
    0.556307,
    0.380989,
    0.556698,
    0.598421,
    0.526886,
    0.545362,
    0.531429,
    0.701256,
    0.363699,
    0.425581,
    0.402723,
    0.735422,
    0.545567,
    0.414524,
    0.880036,
    0.349377,
    0.560849,
    0.568806,
    0.540046,
    0.628527,
    0.569348,
    0.506161,
    0.502353,
    0.538564,
    0.460239,
    0.401637,
    0.664916,
    0.410213,
    0.301434,
    0.452593,
    0.343464,
    0.527236,
    0.411144,
    0.495147,
    0.478658,
    0.67219,
    0.319217,
    0.45764,
    0.380561,
    0.593249,
    0.659965,
    0.325749,
    0.511124,
    0.628298,
    0.540465,
    0.789147,
    0.36047,
    0.54736,
    0.593047,
    0.502037,
    0.498642,
    0.542879,
    0.508806,
    0.625448,
    0.536444,
    0.535601,
    0.415814,
    0.63795,
    0.606374,
    0.671269,
    0.466019,
    0.522158,
    0.389875,
    0.525105,
    0.418573,
    0.458735,
    0.479394,
    0.365252,
    0.678428,
    0.277329,
    0.46307,
    0.450635,
    0.284032,
    0.374467,
    0.349641,
    0.947906,
    0.566673,
    0.303247,
    0.685226,
    0.382808,
    0.386184,
    0.570047,
    0.66175,
    0.554272,
    0.294082,
    0.314971,
    0.426875,
    0.483638,
    0.57176,
    0.55692,
    0.462489,
    0.666539,
    0.3783,
    0.435228,
    0.424715,
    0.27902,
    0.219953,
    0.838884,
    0.202903,
    0.434363,
    0.373858,
    0.404887,
    1.035248,
    0.505153,
    0.63123,
    0.55743,
    0.559529,
    0.532614,
    0.44597,
    0.437062,
    0.535552,
    0.641928,
    0.383683,
    0.618277,
    0.523463,
    0.636523,
    0.533206,
    0.427309,
    0.455046,
    0.405544,
    0.477298,
    0.466798,
    0.281237,
    0.600901,
    0.344937,
    0.463474,
    0.460888,
    0.672089,
    0.285624,
    0.548364,
    0.29853
  ],
  "metrics": {
    "num_points": 230,
    "start_loss": 0.682478,
    "final_loss": 0.29853,
    "peak": 1.035248,
    "peak_step": 201,
    "early_window": 40,
    "early_peak": 0.954874,
    "early_peak_step": 17,
    "early_best": 0.47149,
    "early_best_step": 38,
    "mean": 0.551000347826087,
    "variance": 0.021034773951879016,
    "std": 0.1450336993663163,
    "early_mean": 0.6507346,
    "early_variance": 0.01359649295514,
    "early_std": 0.11660400059663477,
    "drop_from_start": 0.383948,
    "first_below_99pct": 1,
    "first_below_95pct": 1,
    "first_below_90pct": 1,
    "rolling_std_window": 8,
    "rolling_std_early": [
      0.0,
      0.06854550000000004,
      0.07932712791276948,
      0.0803688133369375,
      0.07535742552555788,
      0.098010826508549,
      0.09227710643093069,
      0.08868065867050368,
      0.08867648918223761,
      0.06644317096669436,
      0.06992105418076877,
      0.07111864732515219,
      0.0671064840392445,
      0.043011871822643356,
      0.04306626765811033,
      0.05778510903554651,
      0.05224199209687546,
      0.11560014506559885,
      0.11558051383931192,
      0.11805518989591002,
      0.13396881308909173,
      0.13809793307915355,
      0.14064842601945463,
      0.13455838038747345,
      0.14700373159501556,
      0.11700601420520015,
      0.1172626226222576,
      0.11838760765041036,
      0.10149673821721748,
      0.09833834292245511,
      0.10379552141590696,
      0.1071308082716522,
      0.06024490016538743,
      0.08324484589713348,
      0.1387402914835395,
      0.14279299975614831,
      0.14627504125912724,
      0.1464837921520671,
      0.151179320078012,
      0.15061549060640933
    ],
    "max_rolling_std_early": 0.151179320078012
  }
}