{
  "task": "roberta_sst2",
  "mode": "standard",
  "lr": 0.001,
  "seed": 1,
  "model_id": "AI-ModelScope/roberta-large",
  "model_dir": "/mnt/workspace/.cache/modelscope/hub/models/AI-ModelScope/roberta-large",
  "rank": 8,
  "alpha": 16,
  "batch_size": 32,
  "max_len": 128,
  "max_steps": 80,
  "losses": [
    0.676931,
    1.230064,
    0.867688,
    0.677838,
    0.939573,
    0.928752,
    0.977536,
    0.738531,
    0.710964,
    0.749318,
    1.074171,
    0.691825,
    0.725503,
    0.718816,
    0.701649,
    0.697701,
    0.652068,
    0.682837,
    0.79402,
    0.715818,
    0.714919,
    0.680948,
    0.720019,
    0.774607,
    0.684854,
    0.636859,
    0.7211,
    0.708601,
    0.735371,
    0.757948,
    0.584823,
    0.691467,
    0.698328,
    0.706769,
    0.709946,
    0.732822,
    0.733204,
    0.702629,
    0.645484,
    0.672033,
    0.682786,
    0.669494,
    0.613264,
    0.583462,
    0.689477,
    0.632327,
    0.592113,
    0.649858,
    0.617703,
    0.561926,
    0.620011,
    0.709345,
    0.566458,
    0.586962,
    0.537104,
    0.608687,
    0.466443,
    0.553869,
    0.623607,
    0.468109,
    0.503531,
    0.374535,
    0.41765,
    0.287387,
    0.545177,
    0.320099,
    0.417983,
    0.396353,
    0.20446,
    0.559656,
    0.344648,
    0.314637,
    0.252856,
    0.664901,
    0.276624,
    0.238732,
    0.382563,
    0.455202,
    0.362126,
    0.655736
  ],
  "metrics": {
    "num_points": 80,
    "start_loss": 0.676931,
    "final_loss": 0.655736,
    "peak": 1.230064,
    "peak_step": 1,
    "early_window": 40,
    "early_peak": 1.230064,
    "early_peak_step": 1,
    "early_best": 0.584823,
    "early_best_step": 30,
    "mean": 0.6246524375,
    "variance": 0.033173252606421094,
    "std": 0.18213525909724645,
    "early_mean": 0.74910835,
    "early_variance": 0.014813010719977501,
    "early_std": 0.12170871258861257,
    "drop_from_start": 0.021194999999999964,
    "first_below_99pct": 16,
    "first_below_95pct": 25,
    "first_below_90pct": 30,
    "rolling_std_window": 8,
    "rolling_std_early": [
      0.0,
      0.27656650000000005,
      0.2294100438840656,
      0.22564603286162047,
      0.2041270799314976,
      0.18728343774670045,
      0.17627340759856028,
      0.17329676148837686,
      0.16862375841110736,
      0.110019576722736,
      0.13796505883912916,
      0.13584990810794645,
      0.13691263046921565,
      0.1345285867836275,
      0.11858720490997067,
      0.12043121423756539,
      0.12484620213780784,
      0.12690262108872102,
      0.03871750208218983,
      0.03827103827635199,
      0.037930014563008,
      0.038852243152744714,
      0.03912850165081074,
      0.04464924107697688,
      0.039745338442860184,
      0.04742999387781956,
      0.03735384932306176,
      0.03719605135608317,
      0.038455079220557804,
      0.04013072574860036,
      0.05934457873289165,
      0.052325107913021786,
      0.052345092956354325,
      0.048105361191444915,
      0.04764905111053498,
      0.04890588630663491,
      0.04872699874283634,
      0.043978222170183275,
      0.02580152005424051,
      0.027586685236892367
    ],
    "max_rolling_std_early": 0.27656650000000005
  }
}