{
  "standard": {
    "peak": 1.0054,
    "peak_step": 39,
    "mean": 0.6572266666666667,
    "variance": 0.014160760622222221,
    "std": 0.11899899420676724,
    "final": 0.6766,
    "drop_from_start": 0.005199999999999982,
    "best_in_window": 0.3617
  },
  "offset": {
    "peak": 1.0656,
    "peak_step": 39,
    "mean": 0.6534866666666665,
    "variance": 0.014347478488888895,
    "std": 0.11978096046070467,
    "final": 0.7713,
    "drop_from_start": -0.09650000000000003,
    "best_in_window": 0.4104
  },
  "delta": {
    "peak_gap": -0.06020000000000003,
    "variance_gap": -0.00018671786666667363,
    "cumulative_gain": 0.22439999999999993
  }
}