{
  "standard": {
    "peak": 0.7459,
    "peak_step": 13,
    "mean": 0.7044433333333333,
    "variance": 0.00030433778888888874,
    "std": 0.017445279845530962,
    "final": 0.7024,
    "drop_from_start": 0.038899999999999935,
    "best_in_window": 0.6638
  },
  "offset": {
    "peak": 0.7413,
    "peak_step": 23,
    "mean": 0.7022733333333334,
    "variance": 0.00026153795555555515,
    "std": 0.01617213515759608,
    "final": 0.7104,
    "drop_from_start": 0.024799999999999933,
    "best_in_window": 0.6583
  },
  "delta": {
    "peak_gap": 0.0046000000000000485,
    "variance_gap": 4.2799833333333594e-05,
    "cumulative_gain": 0.06509999999999971
  }
}